"","Sensitivity","Specificity","Study"
"1",1,0,"Baxter"
"2",1,0.008,"Baxter"
"3",1,0.016,"Baxter"
"4",1,0.024,"Baxter"
"5",1,0.032,"Baxter"
"6",1,0.04,"Baxter"
"7",1,0.048,"Baxter"
"8",1,0.056,"Baxter"
"9",1,0.064,"Baxter"
"10",1,0.072,"Baxter"
"11",1,0.08,"Baxter"
"12",1,0.088,"Baxter"
"13",1,0.096,"Baxter"
"14",1,0.104,"Baxter"
"15",0.978723404255319,0.104,"Baxter"
"16",0.978723404255319,0.112,"Baxter"
"17",0.978723404255319,0.12,"Baxter"
"18",0.978723404255319,0.128,"Baxter"
"19",0.978723404255319,0.136,"Baxter"
"20",0.978723404255319,0.144,"Baxter"
"21",0.978723404255319,0.152,"Baxter"
"22",0.978723404255319,0.16,"Baxter"
"23",0.957446808510638,0.16,"Baxter"
"24",0.957446808510638,0.168,"Baxter"
"25",0.957446808510638,0.176,"Baxter"
"26",0.936170212765957,0.176,"Baxter"
"27",0.936170212765957,0.184,"Baxter"
"28",0.936170212765957,0.192,"Baxter"
"29",0.914893617021277,0.192,"Baxter"
"30",0.914893617021277,0.2,"Baxter"
"31",0.914893617021277,0.208,"Baxter"
"32",0.914893617021277,0.216,"Baxter"
"33",0.914893617021277,0.224,"Baxter"
"34",0.914893617021277,0.232,"Baxter"
"35",0.914893617021277,0.24,"Baxter"
"36",0.914893617021277,0.248,"Baxter"
"37",0.914893617021277,0.256,"Baxter"
"38",0.914893617021277,0.264,"Baxter"
"39",0.914893617021277,0.272,"Baxter"
"40",0.914893617021277,0.28,"Baxter"
"41",0.914893617021277,0.288,"Baxter"
"42",0.914893617021277,0.296,"Baxter"
"43",0.914893617021277,0.304,"Baxter"
"44",0.914893617021277,0.312,"Baxter"
"45",0.914893617021277,0.32,"Baxter"
"46",0.914893617021277,0.328,"Baxter"
"47",0.914893617021277,0.336,"Baxter"
"48",0.914893617021277,0.344,"Baxter"
"49",0.914893617021277,0.352,"Baxter"
"50",0.914893617021277,0.36,"Baxter"
"51",0.914893617021277,0.368,"Baxter"
"52",0.914893617021277,0.376,"Baxter"
"53",0.914893617021277,0.384,"Baxter"
"54",0.914893617021277,0.392,"Baxter"
"55",0.914893617021277,0.4,"Baxter"
"56",0.914893617021277,0.408,"Baxter"
"57",0.914893617021277,0.424,"Baxter"
"58",0.914893617021277,0.432,"Baxter"
"59",0.914893617021277,0.44,"Baxter"
"60",0.914893617021277,0.448,"Baxter"
"61",0.893617021276596,0.448,"Baxter"
"62",0.893617021276596,0.456,"Baxter"
"63",0.893617021276596,0.464,"Baxter"
"64",0.893617021276596,0.472,"Baxter"
"65",0.893617021276596,0.48,"Baxter"
"66",0.893617021276596,0.488,"Baxter"
"67",0.893617021276596,0.496,"Baxter"
"68",0.893617021276596,0.504,"Baxter"
"69",0.893617021276596,0.512,"Baxter"
"70",0.893617021276596,0.52,"Baxter"
"71",0.872340425531915,0.52,"Baxter"
"72",0.872340425531915,0.528,"Baxter"
"73",0.872340425531915,0.536,"Baxter"
"74",0.872340425531915,0.544,"Baxter"
"75",0.872340425531915,0.552,"Baxter"
"76",0.851063829787234,0.552,"Baxter"
"77",0.829787234042553,0.552,"Baxter"
"78",0.829787234042553,0.56,"Baxter"
"79",0.829787234042553,0.568,"Baxter"
"80",0.829787234042553,0.576,"Baxter"
"81",0.829787234042553,0.584,"Baxter"
"82",0.829787234042553,0.592,"Baxter"
"83",0.829787234042553,0.6,"Baxter"
"84",0.808510638297872,0.6,"Baxter"
"85",0.808510638297872,0.608,"Baxter"
"86",0.808510638297872,0.616,"Baxter"
"87",0.808510638297872,0.624,"Baxter"
"88",0.787234042553192,0.624,"Baxter"
"89",0.787234042553192,0.632,"Baxter"
"90",0.787234042553192,0.64,"Baxter"
"91",0.765957446808511,0.64,"Baxter"
"92",0.74468085106383,0.64,"Baxter"
"93",0.723404255319149,0.64,"Baxter"
"94",0.723404255319149,0.648,"Baxter"
"95",0.723404255319149,0.656,"Baxter"
"96",0.723404255319149,0.664,"Baxter"
"97",0.723404255319149,0.672,"Baxter"
"98",0.723404255319149,0.68,"Baxter"
"99",0.723404255319149,0.688,"Baxter"
"100",0.702127659574468,0.688,"Baxter"
"101",0.702127659574468,0.696,"Baxter"
"102",0.702127659574468,0.704,"Baxter"
"103",0.680851063829787,0.704,"Baxter"
"104",0.680851063829787,0.712,"Baxter"
"105",0.680851063829787,0.72,"Baxter"
"106",0.680851063829787,0.728,"Baxter"
"107",0.659574468085106,0.728,"Baxter"
"108",0.638297872340426,0.728,"Baxter"
"109",0.638297872340426,0.736,"Baxter"
"110",0.638297872340426,0.744,"Baxter"
"111",0.638297872340426,0.752,"Baxter"
"112",0.617021276595745,0.752,"Baxter"
"113",0.595744680851064,0.752,"Baxter"
"114",0.595744680851064,0.76,"Baxter"
"115",0.595744680851064,0.768,"Baxter"
"116",0.595744680851064,0.776,"Baxter"
"117",0.595744680851064,0.784,"Baxter"
"118",0.595744680851064,0.792,"Baxter"
"119",0.574468085106383,0.792,"Baxter"
"120",0.574468085106383,0.8,"Baxter"
"121",0.574468085106383,0.808,"Baxter"
"122",0.553191489361702,0.808,"Baxter"
"123",0.553191489361702,0.816,"Baxter"
"124",0.531914893617021,0.816,"Baxter"
"125",0.531914893617021,0.824,"Baxter"
"126",0.51063829787234,0.824,"Baxter"
"127",0.48936170212766,0.824,"Baxter"
"128",0.48936170212766,0.832,"Baxter"
"129",0.48936170212766,0.84,"Baxter"
"130",0.468085106382979,0.84,"Baxter"
"131",0.468085106382979,0.848,"Baxter"
"132",0.446808510638298,0.848,"Baxter"
"133",0.446808510638298,0.856,"Baxter"
"134",0.425531914893617,0.856,"Baxter"
"135",0.404255319148936,0.856,"Baxter"
"136",0.382978723404255,0.856,"Baxter"
"137",0.382978723404255,0.864,"Baxter"
"138",0.361702127659574,0.864,"Baxter"
"139",0.340425531914894,0.864,"Baxter"
"140",0.340425531914894,0.872,"Baxter"
"141",0.319148936170213,0.872,"Baxter"
"142",0.319148936170213,0.88,"Baxter"
"143",0.319148936170213,0.888,"Baxter"
"144",0.319148936170213,0.896,"Baxter"
"145",0.319148936170213,0.904,"Baxter"
"146",0.319148936170213,0.912,"Baxter"
"147",0.319148936170213,0.92,"Baxter"
"148",0.319148936170213,0.928,"Baxter"
"149",0.319148936170213,0.936,"Baxter"
"150",0.297872340425532,0.936,"Baxter"
"151",0.276595744680851,0.936,"Baxter"
"152",0.25531914893617,0.936,"Baxter"
"153",0.234042553191489,0.936,"Baxter"
"154",0.234042553191489,0.944,"Baxter"
"155",0.234042553191489,0.952,"Baxter"
"156",0.212765957446809,0.952,"Baxter"
"157",0.191489361702128,0.952,"Baxter"
"158",0.170212765957447,0.952,"Baxter"
"159",0.148936170212766,0.952,"Baxter"
"160",0.148936170212766,0.96,"Baxter"
"161",0.148936170212766,0.968,"Baxter"
"162",0.127659574468085,0.968,"Baxter"
"163",0.127659574468085,0.976,"Baxter"
"164",0.106382978723404,0.976,"Baxter"
"165",0.0851063829787234,0.976,"Baxter"
"166",0.0638297872340425,0.976,"Baxter"
"167",0.0425531914893617,0.976,"Baxter"
"168",0.0425531914893617,0.984,"Baxter"
"169",0.0425531914893617,0.992,"Baxter"
"170",0.0425531914893617,1,"Baxter"
"171",0.0212765957446809,1,"Baxter"
"172",0,1,"Baxter"
"173",1,0,"Ross"
"174",1,0.04,"Ross"
"175",1,0.08,"Ross"
"176",1,0.12,"Ross"
"177",0.973684210526316,0.12,"Ross"
"178",0.973684210526316,0.16,"Ross"
"179",0.947368421052632,0.16,"Ross"
"180",0.947368421052632,0.2,"Ross"
"181",0.921052631578947,0.2,"Ross"
"182",0.921052631578947,0.24,"Ross"
"183",0.921052631578947,0.28,"Ross"
"184",0.894736842105263,0.28,"Ross"
"185",0.868421052631579,0.28,"Ross"
"186",0.842105263157895,0.28,"Ross"
"187",0.815789473684211,0.28,"Ross"
"188",0.815789473684211,0.32,"Ross"
"189",0.815789473684211,0.36,"Ross"
"190",0.815789473684211,0.4,"Ross"
"191",0.815789473684211,0.44,"Ross"
"192",0.789473684210526,0.44,"Ross"
"193",0.789473684210526,0.48,"Ross"
"194",0.763157894736842,0.48,"Ross"
"195",0.763157894736842,0.52,"Ross"
"196",0.736842105263158,0.52,"Ross"
"197",0.736842105263158,0.56,"Ross"
"198",0.710526315789474,0.56,"Ross"
"199",0.684210526315789,0.56,"Ross"
"200",0.657894736842105,0.56,"Ross"
"201",0.657894736842105,0.6,"Ross"
"202",0.657894736842105,0.64,"Ross"
"203",0.631578947368421,0.64,"Ross"
"204",0.605263157894737,0.64,"Ross"
"205",0.605263157894737,0.68,"Ross"
"206",0.578947368421053,0.68,"Ross"
"207",0.578947368421053,0.72,"Ross"
"208",0.578947368421053,0.76,"Ross"
"209",0.578947368421053,0.8,"Ross"
"210",0.578947368421053,0.84,"Ross"
"211",0.552631578947368,0.84,"Ross"
"212",0.526315789473684,0.84,"Ross"
"213",0.526315789473684,0.88,"Ross"
"214",0.526315789473684,0.92,"Ross"
"215",0.5,0.92,"Ross"
"216",0.473684210526316,0.92,"Ross"
"217",0.473684210526316,0.96,"Ross"
"218",0.447368421052632,0.96,"Ross"
"219",0.447368421052632,1,"Ross"
"220",0.421052631578947,1,"Ross"
"221",0.394736842105263,1,"Ross"
"222",0.368421052631579,1,"Ross"
"223",0.342105263157895,1,"Ross"
"224",0.315789473684211,1,"Ross"
"225",0.289473684210526,1,"Ross"
"226",0.263157894736842,1,"Ross"
"227",0.236842105263158,1,"Ross"
"228",0.210526315789474,1,"Ross"
"229",0.184210526315789,1,"Ross"
"230",0.157894736842105,1,"Ross"
"231",0.131578947368421,1,"Ross"
"232",0.105263157894737,1,"Ross"
"233",0.0789473684210526,1,"Ross"
"234",0.0526315789473684,1,"Ross"
"235",0.0263157894736842,1,"Ross"
"236",0,1,"Ross"
"237",1,0,"Goodrich"
"238",0.990291262135922,0.0123762376237624,"Goodrich"
"239",0.990291262135922,0.0148514851485149,"Goodrich"
"240",0.990291262135922,0.0173267326732673,"Goodrich"
"241",0.990291262135922,0.0198019801980198,"Goodrich"
"242",0.990291262135922,0.0222772277227723,"Goodrich"
"243",0.990291262135922,0.0247524752475248,"Goodrich"
"244",0.990291262135922,0.0297029702970297,"Goodrich"
"245",0.990291262135922,0.0321782178217822,"Goodrich"
"246",0.990291262135922,0.0346534653465347,"Goodrich"
"247",0.990291262135922,0.0371287128712871,"Goodrich"
"248",0.980582524271845,0.0371287128712871,"Goodrich"
"249",0.980582524271845,0.0445544554455446,"Goodrich"
"250",0.980582524271845,0.047029702970297,"Goodrich"
"251",0.980582524271845,0.0495049504950495,"Goodrich"
"252",0.980582524271845,0.051980198019802,"Goodrich"
"253",0.980582524271845,0.0544554455445545,"Goodrich"
"254",0.980582524271845,0.0569306930693069,"Goodrich"
"255",0.980582524271845,0.0594059405940594,"Goodrich"
"256",0.980582524271845,0.0618811881188119,"Goodrich"
"257",0.980582524271845,0.0643564356435644,"Goodrich"
"258",0.980582524271845,0.0668316831683168,"Goodrich"
"259",0.980582524271845,0.0693069306930693,"Goodrich"
"260",0.980582524271845,0.0717821782178218,"Goodrich"
"261",0.980582524271845,0.0742574257425743,"Goodrich"
"262",0.980582524271845,0.0767326732673267,"Goodrich"
"263",0.980582524271845,0.0792079207920792,"Goodrich"
"264",0.980582524271845,0.0816831683168317,"Goodrich"
"265",0.980582524271845,0.0841584158415842,"Goodrich"
"266",0.980582524271845,0.0866336633663366,"Goodrich"
"267",0.980582524271845,0.0891089108910891,"Goodrich"
"268",0.980582524271845,0.0915841584158416,"Goodrich"
"269",0.980582524271845,0.0940594059405941,"Goodrich"
"270",0.980582524271845,0.0965346534653465,"Goodrich"
"271",0.980582524271845,0.099009900990099,"Goodrich"
"272",0.980582524271845,0.101485148514851,"Goodrich"
"273",0.980582524271845,0.106435643564356,"Goodrich"
"274",0.980582524271845,0.108910891089109,"Goodrich"
"275",0.980582524271845,0.111386138613861,"Goodrich"
"276",0.980582524271845,0.116336633663366,"Goodrich"
"277",0.980582524271845,0.118811881188119,"Goodrich"
"278",0.980582524271845,0.121287128712871,"Goodrich"
"279",0.980582524271845,0.123762376237624,"Goodrich"
"280",0.980582524271845,0.126237623762376,"Goodrich"
"281",0.980582524271845,0.128712871287129,"Goodrich"
"282",0.980582524271845,0.131188118811881,"Goodrich"
"283",0.980582524271845,0.133663366336634,"Goodrich"
"284",0.980582524271845,0.136138613861386,"Goodrich"
"285",0.980582524271845,0.138613861386139,"Goodrich"
"286",0.970873786407767,0.138613861386139,"Goodrich"
"287",0.970873786407767,0.141089108910891,"Goodrich"
"288",0.970873786407767,0.143564356435644,"Goodrich"
"289",0.970873786407767,0.146039603960396,"Goodrich"
"290",0.970873786407767,0.148514851485149,"Goodrich"
"291",0.970873786407767,0.150990099009901,"Goodrich"
"292",0.970873786407767,0.153465346534653,"Goodrich"
"293",0.970873786407767,0.155940594059406,"Goodrich"
"294",0.970873786407767,0.158415841584158,"Goodrich"
"295",0.970873786407767,0.160891089108911,"Goodrich"
"296",0.970873786407767,0.163366336633663,"Goodrich"
"297",0.970873786407767,0.165841584158416,"Goodrich"
"298",0.961165048543689,0.165841584158416,"Goodrich"
"299",0.961165048543689,0.168316831683168,"Goodrich"
"300",0.961165048543689,0.170792079207921,"Goodrich"
"301",0.961165048543689,0.175742574257426,"Goodrich"
"302",0.961165048543689,0.178217821782178,"Goodrich"
"303",0.961165048543689,0.180693069306931,"Goodrich"
"304",0.961165048543689,0.183168316831683,"Goodrich"
"305",0.961165048543689,0.185643564356436,"Goodrich"
"306",0.961165048543689,0.188118811881188,"Goodrich"
"307",0.961165048543689,0.190594059405941,"Goodrich"
"308",0.961165048543689,0.193069306930693,"Goodrich"
"309",0.961165048543689,0.195544554455446,"Goodrich"
"310",0.961165048543689,0.198019801980198,"Goodrich"
"311",0.961165048543689,0.200495049504951,"Goodrich"
"312",0.961165048543689,0.202970297029703,"Goodrich"
"313",0.961165048543689,0.205445544554455,"Goodrich"
"314",0.961165048543689,0.207920792079208,"Goodrich"
"315",0.961165048543689,0.21039603960396,"Goodrich"
"316",0.961165048543689,0.212871287128713,"Goodrich"
"317",0.961165048543689,0.215346534653465,"Goodrich"
"318",0.961165048543689,0.217821782178218,"Goodrich"
"319",0.961165048543689,0.22029702970297,"Goodrich"
"320",0.961165048543689,0.222772277227723,"Goodrich"
"321",0.961165048543689,0.227722772277228,"Goodrich"
"322",0.961165048543689,0.23019801980198,"Goodrich"
"323",0.961165048543689,0.232673267326733,"Goodrich"
"324",0.961165048543689,0.235148514851485,"Goodrich"
"325",0.961165048543689,0.237623762376238,"Goodrich"
"326",0.961165048543689,0.24009900990099,"Goodrich"
"327",0.961165048543689,0.242574257425743,"Goodrich"
"328",0.961165048543689,0.245049504950495,"Goodrich"
"329",0.951456310679612,0.245049504950495,"Goodrich"
"330",0.951456310679612,0.247524752475248,"Goodrich"
"331",0.951456310679612,0.25,"Goodrich"
"332",0.951456310679612,0.252475247524752,"Goodrich"
"333",0.951456310679612,0.254950495049505,"Goodrich"
"334",0.951456310679612,0.257425742574257,"Goodrich"
"335",0.951456310679612,0.25990099009901,"Goodrich"
"336",0.951456310679612,0.264851485148515,"Goodrich"
"337",0.951456310679612,0.267326732673267,"Goodrich"
"338",0.951456310679612,0.26980198019802,"Goodrich"
"339",0.951456310679612,0.272277227722772,"Goodrich"
"340",0.951456310679612,0.274752475247525,"Goodrich"
"341",0.951456310679612,0.27970297029703,"Goodrich"
"342",0.951456310679612,0.282178217821782,"Goodrich"
"343",0.951456310679612,0.284653465346535,"Goodrich"
"344",0.951456310679612,0.287128712871287,"Goodrich"
"345",0.951456310679612,0.28960396039604,"Goodrich"
"346",0.951456310679612,0.292079207920792,"Goodrich"
"347",0.951456310679612,0.294554455445545,"Goodrich"
"348",0.951456310679612,0.297029702970297,"Goodrich"
"349",0.951456310679612,0.299504950495049,"Goodrich"
"350",0.951456310679612,0.301980198019802,"Goodrich"
"351",0.951456310679612,0.304455445544554,"Goodrich"
"352",0.951456310679612,0.306930693069307,"Goodrich"
"353",0.951456310679612,0.309405940594059,"Goodrich"
"354",0.951456310679612,0.311881188118812,"Goodrich"
"355",0.941747572815534,0.311881188118812,"Goodrich"
"356",0.941747572815534,0.314356435643564,"Goodrich"
"357",0.941747572815534,0.316831683168317,"Goodrich"
"358",0.941747572815534,0.319306930693069,"Goodrich"
"359",0.941747572815534,0.321782178217822,"Goodrich"
"360",0.941747572815534,0.324257425742574,"Goodrich"
"361",0.941747572815534,0.326732673267327,"Goodrich"
"362",0.941747572815534,0.329207920792079,"Goodrich"
"363",0.941747572815534,0.331683168316832,"Goodrich"
"364",0.941747572815534,0.334158415841584,"Goodrich"
"365",0.941747572815534,0.336633663366337,"Goodrich"
"366",0.932038834951456,0.336633663366337,"Goodrich"
"367",0.932038834951456,0.339108910891089,"Goodrich"
"368",0.932038834951456,0.341584158415842,"Goodrich"
"369",0.932038834951456,0.344059405940594,"Goodrich"
"370",0.932038834951456,0.346534653465347,"Goodrich"
"371",0.932038834951456,0.349009900990099,"Goodrich"
"372",0.932038834951456,0.351485148514851,"Goodrich"
"373",0.932038834951456,0.353960396039604,"Goodrich"
"374",0.932038834951456,0.356435643564356,"Goodrich"
"375",0.932038834951456,0.358910891089109,"Goodrich"
"376",0.932038834951456,0.361386138613861,"Goodrich"
"377",0.932038834951456,0.363861386138614,"Goodrich"
"378",0.932038834951456,0.366336633663366,"Goodrich"
"379",0.932038834951456,0.371287128712871,"Goodrich"
"380",0.932038834951456,0.373762376237624,"Goodrich"
"381",0.932038834951456,0.376237623762376,"Goodrich"
"382",0.932038834951456,0.378712871287129,"Goodrich"
"383",0.932038834951456,0.381188118811881,"Goodrich"
"384",0.932038834951456,0.383663366336634,"Goodrich"
"385",0.932038834951456,0.386138613861386,"Goodrich"
"386",0.932038834951456,0.388613861386139,"Goodrich"
"387",0.932038834951456,0.391089108910891,"Goodrich"
"388",0.932038834951456,0.393564356435644,"Goodrich"
"389",0.922330097087379,0.393564356435644,"Goodrich"
"390",0.922330097087379,0.396039603960396,"Goodrich"
"391",0.922330097087379,0.398514851485149,"Goodrich"
"392",0.922330097087379,0.400990099009901,"Goodrich"
"393",0.922330097087379,0.403465346534653,"Goodrich"
"394",0.922330097087379,0.405940594059406,"Goodrich"
"395",0.922330097087379,0.408415841584158,"Goodrich"
"396",0.922330097087379,0.410891089108911,"Goodrich"
"397",0.922330097087379,0.413366336633663,"Goodrich"
"398",0.922330097087379,0.415841584158416,"Goodrich"
"399",0.922330097087379,0.418316831683168,"Goodrich"
"400",0.922330097087379,0.420792079207921,"Goodrich"
"401",0.922330097087379,0.423267326732673,"Goodrich"
"402",0.922330097087379,0.425742574257426,"Goodrich"
"403",0.922330097087379,0.428217821782178,"Goodrich"
"404",0.922330097087379,0.430693069306931,"Goodrich"
"405",0.922330097087379,0.433168316831683,"Goodrich"
"406",0.922330097087379,0.435643564356436,"Goodrich"
"407",0.922330097087379,0.438118811881188,"Goodrich"
"408",0.922330097087379,0.440594059405941,"Goodrich"
"409",0.922330097087379,0.443069306930693,"Goodrich"
"410",0.912621359223301,0.443069306930693,"Goodrich"
"411",0.912621359223301,0.445544554455446,"Goodrich"
"412",0.912621359223301,0.448019801980198,"Goodrich"
"413",0.912621359223301,0.450495049504951,"Goodrich"
"414",0.912621359223301,0.452970297029703,"Goodrich"
"415",0.912621359223301,0.455445544554455,"Goodrich"
"416",0.912621359223301,0.457920792079208,"Goodrich"
"417",0.902912621359223,0.457920792079208,"Goodrich"
"418",0.902912621359223,0.46039603960396,"Goodrich"
"419",0.902912621359223,0.462871287128713,"Goodrich"
"420",0.902912621359223,0.465346534653465,"Goodrich"
"421",0.893203883495146,0.465346534653465,"Goodrich"
"422",0.893203883495146,0.467821782178218,"Goodrich"
"423",0.893203883495146,0.47029702970297,"Goodrich"
"424",0.883495145631068,0.47029702970297,"Goodrich"
"425",0.883495145631068,0.472772277227723,"Goodrich"
"426",0.883495145631068,0.475247524752475,"Goodrich"
"427",0.883495145631068,0.477722772277228,"Goodrich"
"428",0.883495145631068,0.48019801980198,"Goodrich"
"429",0.883495145631068,0.482673267326733,"Goodrich"
"430",0.883495145631068,0.485148514851485,"Goodrich"
"431",0.883495145631068,0.487623762376238,"Goodrich"
"432",0.883495145631068,0.49009900990099,"Goodrich"
"433",0.883495145631068,0.492574257425743,"Goodrich"
"434",0.87378640776699,0.492574257425743,"Goodrich"
"435",0.87378640776699,0.495049504950495,"Goodrich"
"436",0.87378640776699,0.497524752475248,"Goodrich"
"437",0.87378640776699,0.5,"Goodrich"
"438",0.87378640776699,0.502475247524752,"Goodrich"
"439",0.87378640776699,0.504950495049505,"Goodrich"
"440",0.87378640776699,0.507425742574257,"Goodrich"
"441",0.87378640776699,0.50990099009901,"Goodrich"
"442",0.87378640776699,0.512376237623762,"Goodrich"
"443",0.87378640776699,0.517326732673267,"Goodrich"
"444",0.87378640776699,0.51980198019802,"Goodrich"
"445",0.87378640776699,0.522277227722772,"Goodrich"
"446",0.87378640776699,0.524752475247525,"Goodrich"
"447",0.87378640776699,0.527227722772277,"Goodrich"
"448",0.87378640776699,0.52970297029703,"Goodrich"
"449",0.87378640776699,0.532178217821782,"Goodrich"
"450",0.87378640776699,0.534653465346535,"Goodrich"
"451",0.87378640776699,0.537128712871287,"Goodrich"
"452",0.87378640776699,0.53960396039604,"Goodrich"
"453",0.87378640776699,0.542079207920792,"Goodrich"
"454",0.87378640776699,0.544554455445545,"Goodrich"
"455",0.87378640776699,0.547029702970297,"Goodrich"
"456",0.87378640776699,0.54950495049505,"Goodrich"
"457",0.87378640776699,0.551980198019802,"Goodrich"
"458",0.87378640776699,0.554455445544555,"Goodrich"
"459",0.87378640776699,0.556930693069307,"Goodrich"
"460",0.87378640776699,0.559405940594059,"Goodrich"
"461",0.87378640776699,0.561881188118812,"Goodrich"
"462",0.87378640776699,0.564356435643564,"Goodrich"
"463",0.87378640776699,0.566831683168317,"Goodrich"
"464",0.87378640776699,0.569306930693069,"Goodrich"
"465",0.87378640776699,0.571782178217822,"Goodrich"
"466",0.864077669902913,0.571782178217822,"Goodrich"
"467",0.864077669902913,0.574257425742574,"Goodrich"
"468",0.864077669902913,0.576732673267327,"Goodrich"
"469",0.854368932038835,0.576732673267327,"Goodrich"
"470",0.854368932038835,0.579207920792079,"Goodrich"
"471",0.854368932038835,0.581683168316832,"Goodrich"
"472",0.854368932038835,0.584158415841584,"Goodrich"
"473",0.854368932038835,0.586633663366337,"Goodrich"
"474",0.854368932038835,0.589108910891089,"Goodrich"
"475",0.854368932038835,0.591584158415842,"Goodrich"
"476",0.854368932038835,0.594059405940594,"Goodrich"
"477",0.854368932038835,0.596534653465347,"Goodrich"
"478",0.854368932038835,0.599009900990099,"Goodrich"
"479",0.844660194174757,0.599009900990099,"Goodrich"
"480",0.844660194174757,0.601485148514851,"Goodrich"
"481",0.83495145631068,0.601485148514851,"Goodrich"
"482",0.83495145631068,0.603960396039604,"Goodrich"
"483",0.83495145631068,0.606435643564356,"Goodrich"
"484",0.83495145631068,0.608910891089109,"Goodrich"
"485",0.825242718446602,0.608910891089109,"Goodrich"
"486",0.825242718446602,0.611386138613861,"Goodrich"
"487",0.815533980582524,0.611386138613861,"Goodrich"
"488",0.815533980582524,0.613861386138614,"Goodrich"
"489",0.805825242718447,0.613861386138614,"Goodrich"
"490",0.805825242718447,0.616336633663366,"Goodrich"
"491",0.805825242718447,0.618811881188119,"Goodrich"
"492",0.796116504854369,0.618811881188119,"Goodrich"
"493",0.796116504854369,0.621287128712871,"Goodrich"
"494",0.796116504854369,0.623762376237624,"Goodrich"
"495",0.796116504854369,0.626237623762376,"Goodrich"
"496",0.796116504854369,0.631188118811881,"Goodrich"
"497",0.796116504854369,0.633663366336634,"Goodrich"
"498",0.786407766990291,0.633663366336634,"Goodrich"
"499",0.786407766990291,0.636138613861386,"Goodrich"
"500",0.786407766990291,0.638613861386139,"Goodrich"
"501",0.786407766990291,0.641089108910891,"Goodrich"
"502",0.786407766990291,0.643564356435644,"Goodrich"
"503",0.786407766990291,0.646039603960396,"Goodrich"
"504",0.786407766990291,0.648514851485149,"Goodrich"
"505",0.786407766990291,0.650990099009901,"Goodrich"
"506",0.786407766990291,0.653465346534653,"Goodrich"
"507",0.776699029126214,0.653465346534653,"Goodrich"
"508",0.776699029126214,0.655940594059406,"Goodrich"
"509",0.776699029126214,0.658415841584158,"Goodrich"
"510",0.776699029126214,0.660891089108911,"Goodrich"
"511",0.776699029126214,0.663366336633663,"Goodrich"
"512",0.766990291262136,0.663366336633663,"Goodrich"
"513",0.757281553398058,0.663366336633663,"Goodrich"
"514",0.757281553398058,0.665841584158416,"Goodrich"
"515",0.757281553398058,0.668316831683168,"Goodrich"
"516",0.757281553398058,0.670792079207921,"Goodrich"
"517",0.747572815533981,0.670792079207921,"Goodrich"
"518",0.747572815533981,0.673267326732673,"Goodrich"
"519",0.747572815533981,0.675742574257426,"Goodrich"
"520",0.747572815533981,0.678217821782178,"Goodrich"
"521",0.747572815533981,0.680693069306931,"Goodrich"
"522",0.747572815533981,0.683168316831683,"Goodrich"
"523",0.747572815533981,0.685643564356436,"Goodrich"
"524",0.747572815533981,0.688118811881188,"Goodrich"
"525",0.747572815533981,0.690594059405941,"Goodrich"
"526",0.747572815533981,0.693069306930693,"Goodrich"
"527",0.747572815533981,0.695544554455445,"Goodrich"
"528",0.747572815533981,0.698019801980198,"Goodrich"
"529",0.747572815533981,0.70049504950495,"Goodrich"
"530",0.737864077669903,0.70049504950495,"Goodrich"
"531",0.737864077669903,0.702970297029703,"Goodrich"
"532",0.728155339805825,0.702970297029703,"Goodrich"
"533",0.728155339805825,0.705445544554455,"Goodrich"
"534",0.728155339805825,0.707920792079208,"Goodrich"
"535",0.718446601941748,0.707920792079208,"Goodrich"
"536",0.718446601941748,0.71039603960396,"Goodrich"
"537",0.718446601941748,0.712871287128713,"Goodrich"
"538",0.70873786407767,0.712871287128713,"Goodrich"
"539",0.699029126213592,0.712871287128713,"Goodrich"
"540",0.699029126213592,0.715346534653465,"Goodrich"
"541",0.699029126213592,0.717821782178218,"Goodrich"
"542",0.699029126213592,0.72029702970297,"Goodrich"
"543",0.699029126213592,0.722772277227723,"Goodrich"
"544",0.699029126213592,0.725247524752475,"Goodrich"
"545",0.699029126213592,0.727722772277228,"Goodrich"
"546",0.689320388349515,0.727722772277228,"Goodrich"
"547",0.689320388349515,0.73019801980198,"Goodrich"
"548",0.689320388349515,0.732673267326733,"Goodrich"
"549",0.679611650485437,0.732673267326733,"Goodrich"
"550",0.679611650485437,0.735148514851485,"Goodrich"
"551",0.679611650485437,0.737623762376238,"Goodrich"
"552",0.679611650485437,0.74009900990099,"Goodrich"
"553",0.679611650485437,0.742574257425743,"Goodrich"
"554",0.679611650485437,0.745049504950495,"Goodrich"
"555",0.669902912621359,0.745049504950495,"Goodrich"
"556",0.660194174757282,0.745049504950495,"Goodrich"
"557",0.650485436893204,0.745049504950495,"Goodrich"
"558",0.650485436893204,0.747524752475248,"Goodrich"
"559",0.640776699029126,0.747524752475248,"Goodrich"
"560",0.640776699029126,0.75,"Goodrich"
"561",0.640776699029126,0.752475247524752,"Goodrich"
"562",0.640776699029126,0.754950495049505,"Goodrich"
"563",0.640776699029126,0.757425742574257,"Goodrich"
"564",0.640776699029126,0.75990099009901,"Goodrich"
"565",0.640776699029126,0.762376237623762,"Goodrich"
"566",0.640776699029126,0.764851485148515,"Goodrich"
"567",0.631067961165049,0.764851485148515,"Goodrich"
"568",0.631067961165049,0.767326732673267,"Goodrich"
"569",0.631067961165049,0.76980198019802,"Goodrich"
"570",0.621359223300971,0.76980198019802,"Goodrich"
"571",0.621359223300971,0.772277227722772,"Goodrich"
"572",0.611650485436893,0.772277227722772,"Goodrich"
"573",0.601941747572815,0.772277227722772,"Goodrich"
"574",0.592233009708738,0.772277227722772,"Goodrich"
"575",0.592233009708738,0.774752475247525,"Goodrich"
"576",0.592233009708738,0.777227722772277,"Goodrich"
"577",0.58252427184466,0.777227722772277,"Goodrich"
"578",0.58252427184466,0.77970297029703,"Goodrich"
"579",0.58252427184466,0.782178217821782,"Goodrich"
"580",0.572815533980582,0.782178217821782,"Goodrich"
"581",0.572815533980582,0.784653465346535,"Goodrich"
"582",0.563106796116505,0.784653465346535,"Goodrich"
"583",0.563106796116505,0.787128712871287,"Goodrich"
"584",0.563106796116505,0.78960396039604,"Goodrich"
"585",0.563106796116505,0.792079207920792,"Goodrich"
"586",0.563106796116505,0.794554455445545,"Goodrich"
"587",0.563106796116505,0.797029702970297,"Goodrich"
"588",0.563106796116505,0.79950495049505,"Goodrich"
"589",0.563106796116505,0.801980198019802,"Goodrich"
"590",0.563106796116505,0.804455445544555,"Goodrich"
"591",0.563106796116505,0.806930693069307,"Goodrich"
"592",0.553398058252427,0.806930693069307,"Goodrich"
"593",0.553398058252427,0.809405940594059,"Goodrich"
"594",0.543689320388349,0.809405940594059,"Goodrich"
"595",0.543689320388349,0.811881188118812,"Goodrich"
"596",0.533980582524272,0.811881188118812,"Goodrich"
"597",0.524271844660194,0.811881188118812,"Goodrich"
"598",0.524271844660194,0.814356435643564,"Goodrich"
"599",0.514563106796116,0.814356435643564,"Goodrich"
"600",0.514563106796116,0.816831683168317,"Goodrich"
"601",0.504854368932039,0.816831683168317,"Goodrich"
"602",0.504854368932039,0.819306930693069,"Goodrich"
"603",0.504854368932039,0.824257425742574,"Goodrich"
"604",0.495145631067961,0.824257425742574,"Goodrich"
"605",0.495145631067961,0.826732673267327,"Goodrich"
"606",0.495145631067961,0.829207920792079,"Goodrich"
"607",0.495145631067961,0.831683168316832,"Goodrich"
"608",0.495145631067961,0.834158415841584,"Goodrich"
"609",0.495145631067961,0.836633663366337,"Goodrich"
"610",0.485436893203884,0.836633663366337,"Goodrich"
"611",0.485436893203884,0.839108910891089,"Goodrich"
"612",0.485436893203884,0.841584158415842,"Goodrich"
"613",0.475728155339806,0.841584158415842,"Goodrich"
"614",0.466019417475728,0.841584158415842,"Goodrich"
"615",0.456310679611651,0.841584158415842,"Goodrich"
"616",0.456310679611651,0.844059405940594,"Goodrich"
"617",0.456310679611651,0.846534653465347,"Goodrich"
"618",0.456310679611651,0.849009900990099,"Goodrich"
"619",0.456310679611651,0.851485148514851,"Goodrich"
"620",0.456310679611651,0.853960396039604,"Goodrich"
"621",0.446601941747573,0.856435643564356,"Goodrich"
"622",0.436893203883495,0.856435643564356,"Goodrich"
"623",0.427184466019417,0.856435643564356,"Goodrich"
"624",0.41747572815534,0.856435643564356,"Goodrich"
"625",0.41747572815534,0.858910891089109,"Goodrich"
"626",0.407766990291262,0.858910891089109,"Goodrich"
"627",0.407766990291262,0.861386138613861,"Goodrich"
"628",0.407766990291262,0.863861386138614,"Goodrich"
"629",0.407766990291262,0.868811881188119,"Goodrich"
"630",0.398058252427184,0.868811881188119,"Goodrich"
"631",0.398058252427184,0.871287128712871,"Goodrich"
"632",0.388349514563107,0.871287128712871,"Goodrich"
"633",0.388349514563107,0.873762376237624,"Goodrich"
"634",0.388349514563107,0.876237623762376,"Goodrich"
"635",0.378640776699029,0.876237623762376,"Goodrich"
"636",0.378640776699029,0.878712871287129,"Goodrich"
"637",0.368932038834951,0.878712871287129,"Goodrich"
"638",0.368932038834951,0.881188118811881,"Goodrich"
"639",0.368932038834951,0.883663366336634,"Goodrich"
"640",0.359223300970874,0.883663366336634,"Goodrich"
"641",0.359223300970874,0.886138613861386,"Goodrich"
"642",0.359223300970874,0.888613861386139,"Goodrich"
"643",0.349514563106796,0.888613861386139,"Goodrich"
"644",0.349514563106796,0.891089108910891,"Goodrich"
"645",0.339805825242718,0.891089108910891,"Goodrich"
"646",0.339805825242718,0.893564356435644,"Goodrich"
"647",0.330097087378641,0.893564356435644,"Goodrich"
"648",0.320388349514563,0.893564356435644,"Goodrich"
"649",0.320388349514563,0.896039603960396,"Goodrich"
"650",0.320388349514563,0.898514851485149,"Goodrich"
"651",0.320388349514563,0.900990099009901,"Goodrich"
"652",0.310679611650485,0.900990099009901,"Goodrich"
"653",0.310679611650485,0.903465346534653,"Goodrich"
"654",0.300970873786408,0.903465346534653,"Goodrich"
"655",0.29126213592233,0.903465346534653,"Goodrich"
"656",0.29126213592233,0.905940594059406,"Goodrich"
"657",0.29126213592233,0.908415841584158,"Goodrich"
"658",0.281553398058252,0.908415841584158,"Goodrich"
"659",0.281553398058252,0.910891089108911,"Goodrich"
"660",0.271844660194175,0.910891089108911,"Goodrich"
"661",0.262135922330097,0.910891089108911,"Goodrich"
"662",0.262135922330097,0.913366336633663,"Goodrich"
"663",0.262135922330097,0.915841584158416,"Goodrich"
"664",0.252427184466019,0.915841584158416,"Goodrich"
"665",0.252427184466019,0.918316831683168,"Goodrich"
"666",0.242718446601942,0.918316831683168,"Goodrich"
"667",0.242718446601942,0.920792079207921,"Goodrich"
"668",0.242718446601942,0.923267326732673,"Goodrich"
"669",0.242718446601942,0.925742574257426,"Goodrich"
"670",0.242718446601942,0.928217821782178,"Goodrich"
"671",0.233009708737864,0.928217821782178,"Goodrich"
"672",0.223300970873786,0.928217821782178,"Goodrich"
"673",0.213592233009709,0.928217821782178,"Goodrich"
"674",0.203883495145631,0.928217821782178,"Goodrich"
"675",0.203883495145631,0.930693069306931,"Goodrich"
"676",0.203883495145631,0.933168316831683,"Goodrich"
"677",0.203883495145631,0.935643564356436,"Goodrich"
"678",0.203883495145631,0.938118811881188,"Goodrich"
"679",0.194174757281553,0.938118811881188,"Goodrich"
"680",0.194174757281553,0.940594059405941,"Goodrich"
"681",0.194174757281553,0.943069306930693,"Goodrich"
"682",0.184466019417476,0.943069306930693,"Goodrich"
"683",0.184466019417476,0.945544554455445,"Goodrich"
"684",0.184466019417476,0.948019801980198,"Goodrich"
"685",0.184466019417476,0.95049504950495,"Goodrich"
"686",0.174757281553398,0.95049504950495,"Goodrich"
"687",0.174757281553398,0.952970297029703,"Goodrich"
"688",0.174757281553398,0.955445544554455,"Goodrich"
"689",0.16504854368932,0.955445544554455,"Goodrich"
"690",0.16504854368932,0.957920792079208,"Goodrich"
"691",0.16504854368932,0.96039603960396,"Goodrich"
"692",0.16504854368932,0.962871287128713,"Goodrich"
"693",0.155339805825243,0.962871287128713,"Goodrich"
"694",0.145631067961165,0.962871287128713,"Goodrich"
"695",0.145631067961165,0.965346534653465,"Goodrich"
"696",0.135922330097087,0.965346534653465,"Goodrich"
"697",0.12621359223301,0.965346534653465,"Goodrich"
"698",0.116504854368932,0.965346534653465,"Goodrich"
"699",0.116504854368932,0.967821782178218,"Goodrich"
"700",0.116504854368932,0.97029702970297,"Goodrich"
"701",0.106796116504854,0.97029702970297,"Goodrich"
"702",0.106796116504854,0.972772277227723,"Goodrich"
"703",0.0970873786407767,0.972772277227723,"Goodrich"
"704",0.0970873786407767,0.975247524752475,"Goodrich"
"705",0.087378640776699,0.975247524752475,"Goodrich"
"706",0.0776699029126214,0.975247524752475,"Goodrich"
"707",0.0679611650485437,0.975247524752475,"Goodrich"
"708",0.058252427184466,0.975247524752475,"Goodrich"
"709",0.058252427184466,0.977722772277228,"Goodrich"
"710",0.058252427184466,0.98019801980198,"Goodrich"
"711",0.058252427184466,0.982673267326733,"Goodrich"
"712",0.058252427184466,0.985148514851485,"Goodrich"
"713",0.058252427184466,0.987623762376238,"Goodrich"
"714",0.058252427184466,0.99009900990099,"Goodrich"
"715",0.0485436893203883,0.99009900990099,"Goodrich"
"716",0.0485436893203883,0.992574257425743,"Goodrich"
"717",0.0485436893203883,0.995049504950495,"Goodrich"
"718",0.0388349514563107,0.995049504950495,"Goodrich"
"719",0.029126213592233,0.995049504950495,"Goodrich"
"720",0.029126213592233,0.997524752475248,"Goodrich"
"721",0.0194174757281553,0.997524752475248,"Goodrich"
"722",0.00970873786407767,0.997524752475248,"Goodrich"
"723",0.00970873786407767,1,"Goodrich"
"724",0,1,"Goodrich"
"725",1,0,"Escobar"
"726",1,0.05,"Escobar"
"727",1,0.1,"Escobar"
"728",1,0.15,"Escobar"
"729",1,0.2,"Escobar"
"730",1,0.25,"Escobar"
"731",1,0.3,"Escobar"
"732",1,0.35,"Escobar"
"733",1,0.4,"Escobar"
"734",0.9,0.4,"Escobar"
"735",0.9,0.45,"Escobar"
"736",0.9,0.5,"Escobar"
"737",0.9,0.55,"Escobar"
"738",0.9,0.6,"Escobar"
"739",0.9,0.65,"Escobar"
"740",0.9,0.7,"Escobar"
"741",0.9,0.75,"Escobar"
"742",0.9,0.8,"Escobar"
"743",0.9,0.85,"Escobar"
"744",0.8,0.85,"Escobar"
"745",0.8,0.9,"Escobar"
"746",0.8,0.95,"Escobar"
"747",0.8,1,"Escobar"
"748",0.7,1,"Escobar"
"749",0.6,1,"Escobar"
"750",0.5,1,"Escobar"
"751",0.4,1,"Escobar"
"752",0.3,1,"Escobar"
"753",0.2,1,"Escobar"
"754",0.1,1,"Escobar"
"755",0,1,"Escobar"
"756",1,0,"Zupancic"
"757",1,0.00775193798449612,"Zupancic"
"758",1,0.0155038759689922,"Zupancic"
"759",0.985915492957746,0.0155038759689922,"Zupancic"
"760",0.985915492957746,0.0232558139534884,"Zupancic"
"761",0.985915492957746,0.0310077519379845,"Zupancic"
"762",0.971830985915493,0.0310077519379845,"Zupancic"
"763",0.957746478873239,0.0310077519379845,"Zupancic"
"764",0.957746478873239,0.0387596899224806,"Zupancic"
"765",0.957746478873239,0.0465116279069767,"Zupancic"
"766",0.957746478873239,0.0542635658914729,"Zupancic"
"767",0.957746478873239,0.062015503875969,"Zupancic"
"768",0.957746478873239,0.0697674418604651,"Zupancic"
"769",0.957746478873239,0.0775193798449612,"Zupancic"
"770",0.957746478873239,0.0852713178294574,"Zupancic"
"771",0.957746478873239,0.0930232558139535,"Zupancic"
"772",0.957746478873239,0.108527131782946,"Zupancic"
"773",0.957746478873239,0.116279069767442,"Zupancic"
"774",0.943661971830986,0.116279069767442,"Zupancic"
"775",0.943661971830986,0.124031007751938,"Zupancic"
"776",0.929577464788732,0.124031007751938,"Zupancic"
"777",0.929577464788732,0.131782945736434,"Zupancic"
"778",0.929577464788732,0.13953488372093,"Zupancic"
"779",0.929577464788732,0.147286821705426,"Zupancic"
"780",0.929577464788732,0.155038759689922,"Zupancic"
"781",0.929577464788732,0.162790697674419,"Zupancic"
"782",0.929577464788732,0.170542635658915,"Zupancic"
"783",0.929577464788732,0.178294573643411,"Zupancic"
"784",0.929577464788732,0.186046511627907,"Zupancic"
"785",0.929577464788732,0.193798449612403,"Zupancic"
"786",0.929577464788732,0.201550387596899,"Zupancic"
"787",0.929577464788732,0.209302325581395,"Zupancic"
"788",0.929577464788732,0.217054263565891,"Zupancic"
"789",0.915492957746479,0.217054263565891,"Zupancic"
"790",0.915492957746479,0.224806201550388,"Zupancic"
"791",0.915492957746479,0.232558139534884,"Zupancic"
"792",0.915492957746479,0.24031007751938,"Zupancic"
"793",0.915492957746479,0.248062015503876,"Zupancic"
"794",0.915492957746479,0.255813953488372,"Zupancic"
"795",0.915492957746479,0.263565891472868,"Zupancic"
"796",0.915492957746479,0.271317829457364,"Zupancic"
"797",0.915492957746479,0.27906976744186,"Zupancic"
"798",0.915492957746479,0.286821705426357,"Zupancic"
"799",0.915492957746479,0.294573643410853,"Zupancic"
"800",0.915492957746479,0.302325581395349,"Zupancic"
"801",0.915492957746479,0.310077519379845,"Zupancic"
"802",0.915492957746479,0.317829457364341,"Zupancic"
"803",0.915492957746479,0.325581395348837,"Zupancic"
"804",0.915492957746479,0.333333333333333,"Zupancic"
"805",0.915492957746479,0.341085271317829,"Zupancic"
"806",0.901408450704225,0.341085271317829,"Zupancic"
"807",0.901408450704225,0.348837209302326,"Zupancic"
"808",0.887323943661972,0.348837209302326,"Zupancic"
"809",0.887323943661972,0.356589147286822,"Zupancic"
"810",0.887323943661972,0.364341085271318,"Zupancic"
"811",0.887323943661972,0.372093023255814,"Zupancic"
"812",0.873239436619718,0.372093023255814,"Zupancic"
"813",0.873239436619718,0.37984496124031,"Zupancic"
"814",0.873239436619718,0.387596899224806,"Zupancic"
"815",0.873239436619718,0.395348837209302,"Zupancic"
"816",0.873239436619718,0.403100775193798,"Zupancic"
"817",0.873239436619718,0.410852713178295,"Zupancic"
"818",0.873239436619718,0.418604651162791,"Zupancic"
"819",0.873239436619718,0.426356589147287,"Zupancic"
"820",0.873239436619718,0.434108527131783,"Zupancic"
"821",0.859154929577465,0.434108527131783,"Zupancic"
"822",0.845070422535211,0.434108527131783,"Zupancic"
"823",0.830985915492958,0.434108527131783,"Zupancic"
"824",0.830985915492958,0.441860465116279,"Zupancic"
"825",0.816901408450704,0.441860465116279,"Zupancic"
"826",0.816901408450704,0.449612403100775,"Zupancic"
"827",0.802816901408451,0.449612403100775,"Zupancic"
"828",0.788732394366197,0.449612403100775,"Zupancic"
"829",0.788732394366197,0.457364341085271,"Zupancic"
"830",0.788732394366197,0.465116279069767,"Zupancic"
"831",0.788732394366197,0.472868217054264,"Zupancic"
"832",0.788732394366197,0.48062015503876,"Zupancic"
"833",0.788732394366197,0.488372093023256,"Zupancic"
"834",0.788732394366197,0.496124031007752,"Zupancic"
"835",0.774647887323944,0.496124031007752,"Zupancic"
"836",0.76056338028169,0.496124031007752,"Zupancic"
"837",0.76056338028169,0.503875968992248,"Zupancic"
"838",0.746478873239437,0.503875968992248,"Zupancic"
"839",0.746478873239437,0.511627906976744,"Zupancic"
"840",0.746478873239437,0.51937984496124,"Zupancic"
"841",0.732394366197183,0.51937984496124,"Zupancic"
"842",0.732394366197183,0.527131782945736,"Zupancic"
"843",0.71830985915493,0.527131782945736,"Zupancic"
"844",0.71830985915493,0.534883720930233,"Zupancic"
"845",0.71830985915493,0.542635658914729,"Zupancic"
"846",0.71830985915493,0.550387596899225,"Zupancic"
"847",0.71830985915493,0.558139534883721,"Zupancic"
"848",0.704225352112676,0.558139534883721,"Zupancic"
"849",0.704225352112676,0.565891472868217,"Zupancic"
"850",0.704225352112676,0.573643410852713,"Zupancic"
"851",0.704225352112676,0.581395348837209,"Zupancic"
"852",0.704225352112676,0.589147286821705,"Zupancic"
"853",0.704225352112676,0.596899224806202,"Zupancic"
"854",0.704225352112676,0.604651162790698,"Zupancic"
"855",0.704225352112676,0.612403100775194,"Zupancic"
"856",0.704225352112676,0.62015503875969,"Zupancic"
"857",0.704225352112676,0.627906976744186,"Zupancic"
"858",0.704225352112676,0.635658914728682,"Zupancic"
"859",0.704225352112676,0.643410852713178,"Zupancic"
"860",0.704225352112676,0.65891472868217,"Zupancic"
"861",0.704225352112676,0.666666666666667,"Zupancic"
"862",0.704225352112676,0.674418604651163,"Zupancic"
"863",0.690140845070423,0.674418604651163,"Zupancic"
"864",0.690140845070423,0.682170542635659,"Zupancic"
"865",0.676056338028169,0.682170542635659,"Zupancic"
"866",0.661971830985915,0.682170542635659,"Zupancic"
"867",0.661971830985915,0.689922480620155,"Zupancic"
"868",0.647887323943662,0.689922480620155,"Zupancic"
"869",0.647887323943662,0.697674418604651,"Zupancic"
"870",0.647887323943662,0.705426356589147,"Zupancic"
"871",0.633802816901408,0.705426356589147,"Zupancic"
"872",0.633802816901408,0.713178294573643,"Zupancic"
"873",0.619718309859155,0.713178294573643,"Zupancic"
"874",0.619718309859155,0.720930232558139,"Zupancic"
"875",0.605633802816901,0.720930232558139,"Zupancic"
"876",0.605633802816901,0.728682170542636,"Zupancic"
"877",0.605633802816901,0.736434108527132,"Zupancic"
"878",0.605633802816901,0.744186046511628,"Zupancic"
"879",0.605633802816901,0.751937984496124,"Zupancic"
"880",0.605633802816901,0.75968992248062,"Zupancic"
"881",0.605633802816901,0.767441860465116,"Zupancic"
"882",0.591549295774648,0.767441860465116,"Zupancic"
"883",0.591549295774648,0.775193798449612,"Zupancic"
"884",0.577464788732394,0.775193798449612,"Zupancic"
"885",0.563380281690141,0.775193798449612,"Zupancic"
"886",0.563380281690141,0.782945736434108,"Zupancic"
"887",0.549295774647887,0.782945736434108,"Zupancic"
"888",0.535211267605634,0.782945736434108,"Zupancic"
"889",0.535211267605634,0.790697674418605,"Zupancic"
"890",0.535211267605634,0.798449612403101,"Zupancic"
"891",0.52112676056338,0.798449612403101,"Zupancic"
"892",0.507042253521127,0.798449612403101,"Zupancic"
"893",0.507042253521127,0.806201550387597,"Zupancic"
"894",0.507042253521127,0.813953488372093,"Zupancic"
"895",0.507042253521127,0.821705426356589,"Zupancic"
"896",0.507042253521127,0.829457364341085,"Zupancic"
"897",0.492957746478873,0.829457364341085,"Zupancic"
"898",0.47887323943662,0.829457364341085,"Zupancic"
"899",0.47887323943662,0.837209302325581,"Zupancic"
"900",0.464788732394366,0.837209302325581,"Zupancic"
"901",0.450704225352113,0.837209302325581,"Zupancic"
"902",0.450704225352113,0.844961240310077,"Zupancic"
"903",0.450704225352113,0.852713178294574,"Zupancic"
"904",0.450704225352113,0.86046511627907,"Zupancic"
"905",0.450704225352113,0.868217054263566,"Zupancic"
"906",0.436619718309859,0.868217054263566,"Zupancic"
"907",0.422535211267606,0.868217054263566,"Zupancic"
"908",0.422535211267606,0.875968992248062,"Zupancic"
"909",0.422535211267606,0.883720930232558,"Zupancic"
"910",0.422535211267606,0.891472868217054,"Zupancic"
"911",0.408450704225352,0.89922480620155,"Zupancic"
"912",0.394366197183099,0.89922480620155,"Zupancic"
"913",0.380281690140845,0.89922480620155,"Zupancic"
"914",0.366197183098592,0.89922480620155,"Zupancic"
"915",0.352112676056338,0.89922480620155,"Zupancic"
"916",0.352112676056338,0.906976744186046,"Zupancic"
"917",0.352112676056338,0.914728682170543,"Zupancic"
"918",0.338028169014085,0.914728682170543,"Zupancic"
"919",0.338028169014085,0.922480620155039,"Zupancic"
"920",0.338028169014085,0.930232558139535,"Zupancic"
"921",0.338028169014085,0.937984496124031,"Zupancic"
"922",0.338028169014085,0.945736434108527,"Zupancic"
"923",0.338028169014085,0.953488372093023,"Zupancic"
"924",0.323943661971831,0.953488372093023,"Zupancic"
"925",0.323943661971831,0.961240310077519,"Zupancic"
"926",0.309859154929577,0.961240310077519,"Zupancic"
"927",0.309859154929577,0.968992248062015,"Zupancic"
"928",0.309859154929577,0.976744186046512,"Zupancic"
"929",0.295774647887324,0.976744186046512,"Zupancic"
"930",0.28169014084507,0.976744186046512,"Zupancic"
"931",0.267605633802817,0.976744186046512,"Zupancic"
"932",0.267605633802817,0.984496124031008,"Zupancic"
"933",0.253521126760563,0.984496124031008,"Zupancic"
"934",0.23943661971831,0.984496124031008,"Zupancic"
"935",0.225352112676056,0.984496124031008,"Zupancic"
"936",0.225352112676056,0.992248062015504,"Zupancic"
"937",0.211267605633803,0.992248062015504,"Zupancic"
"938",0.197183098591549,0.992248062015504,"Zupancic"
"939",0.183098591549296,0.992248062015504,"Zupancic"
"940",0.169014084507042,0.992248062015504,"Zupancic"
"941",0.154929577464789,0.992248062015504,"Zupancic"
"942",0.140845070422535,0.992248062015504,"Zupancic"
"943",0.126760563380282,0.992248062015504,"Zupancic"
"944",0.112676056338028,0.992248062015504,"Zupancic"
"945",0.112676056338028,1,"Zupancic"
"946",0.0985915492957746,1,"Zupancic"
"947",0.0845070422535211,1,"Zupancic"
"948",0.0704225352112676,1,"Zupancic"
"949",0.0563380281690141,1,"Zupancic"
"950",0.0422535211267606,1,"Zupancic"
"951",0.028169014084507,1,"Zupancic"
"952",0.0140845070422535,1,"Zupancic"
"953",0,1,"Zupancic"
"954",1,0,"HMP"
"955",0.923076923076923,0.156521739130435,"HMP"
"956",0.923076923076923,0.160869565217391,"HMP"
"957",0.923076923076923,0.165217391304348,"HMP"
"958",0.923076923076923,0.169565217391304,"HMP"
"959",0.923076923076923,0.173913043478261,"HMP"
"960",0.923076923076923,0.178260869565217,"HMP"
"961",0.923076923076923,0.182608695652174,"HMP"
"962",0.923076923076923,0.18695652173913,"HMP"
"963",0.923076923076923,0.195652173913043,"HMP"
"964",0.884615384615385,0.195652173913043,"HMP"
"965",0.884615384615385,0.2,"HMP"
"966",0.884615384615385,0.204347826086957,"HMP"
"967",0.884615384615385,0.208695652173913,"HMP"
"968",0.884615384615385,0.21304347826087,"HMP"
"969",0.884615384615385,0.217391304347826,"HMP"
"970",0.884615384615385,0.226086956521739,"HMP"
"971",0.884615384615385,0.230434782608696,"HMP"
"972",0.884615384615385,0.234782608695652,"HMP"
"973",0.884615384615385,0.243478260869565,"HMP"
"974",0.884615384615385,0.247826086956522,"HMP"
"975",0.884615384615385,0.252173913043478,"HMP"
"976",0.884615384615385,0.256521739130435,"HMP"
"977",0.884615384615385,0.260869565217391,"HMP"
"978",0.884615384615385,0.265217391304348,"HMP"
"979",0.884615384615385,0.269565217391304,"HMP"
"980",0.884615384615385,0.273913043478261,"HMP"
"981",0.884615384615385,0.278260869565217,"HMP"
"982",0.884615384615385,0.282608695652174,"HMP"
"983",0.884615384615385,0.28695652173913,"HMP"
"984",0.884615384615385,0.295652173913043,"HMP"
"985",0.884615384615385,0.304347826086957,"HMP"
"986",0.884615384615385,0.308695652173913,"HMP"
"987",0.846153846153846,0.31304347826087,"HMP"
"988",0.846153846153846,0.317391304347826,"HMP"
"989",0.846153846153846,0.321739130434783,"HMP"
"990",0.846153846153846,0.326086956521739,"HMP"
"991",0.846153846153846,0.330434782608696,"HMP"
"992",0.846153846153846,0.334782608695652,"HMP"
"993",0.846153846153846,0.339130434782609,"HMP"
"994",0.846153846153846,0.343478260869565,"HMP"
"995",0.846153846153846,0.347826086956522,"HMP"
"996",0.846153846153846,0.352173913043478,"HMP"
"997",0.846153846153846,0.356521739130435,"HMP"
"998",0.846153846153846,0.360869565217391,"HMP"
"999",0.846153846153846,0.365217391304348,"HMP"
"1000",0.846153846153846,0.369565217391304,"HMP"
"1001",0.846153846153846,0.373913043478261,"HMP"
"1002",0.846153846153846,0.378260869565217,"HMP"
"1003",0.846153846153846,0.382608695652174,"HMP"
"1004",0.846153846153846,0.38695652173913,"HMP"
"1005",0.807692307692308,0.391304347826087,"HMP"
"1006",0.807692307692308,0.395652173913043,"HMP"
"1007",0.807692307692308,0.4,"HMP"
"1008",0.807692307692308,0.404347826086957,"HMP"
"1009",0.807692307692308,0.408695652173913,"HMP"
"1010",0.807692307692308,0.41304347826087,"HMP"
"1011",0.807692307692308,0.417391304347826,"HMP"
"1012",0.807692307692308,0.421739130434783,"HMP"
"1013",0.807692307692308,0.426086956521739,"HMP"
"1014",0.807692307692308,0.430434782608696,"HMP"
"1015",0.807692307692308,0.434782608695652,"HMP"
"1016",0.807692307692308,0.439130434782609,"HMP"
"1017",0.807692307692308,0.443478260869565,"HMP"
"1018",0.807692307692308,0.447826086956522,"HMP"
"1019",0.807692307692308,0.452173913043478,"HMP"
"1020",0.807692307692308,0.456521739130435,"HMP"
"1021",0.807692307692308,0.460869565217391,"HMP"
"1022",0.807692307692308,0.465217391304348,"HMP"
"1023",0.807692307692308,0.469565217391304,"HMP"
"1024",0.807692307692308,0.473913043478261,"HMP"
"1025",0.807692307692308,0.478260869565217,"HMP"
"1026",0.807692307692308,0.482608695652174,"HMP"
"1027",0.807692307692308,0.48695652173913,"HMP"
"1028",0.807692307692308,0.491304347826087,"HMP"
"1029",0.769230769230769,0.495652173913044,"HMP"
"1030",0.769230769230769,0.5,"HMP"
"1031",0.769230769230769,0.504347826086956,"HMP"
"1032",0.769230769230769,0.508695652173913,"HMP"
"1033",0.769230769230769,0.51304347826087,"HMP"
"1034",0.769230769230769,0.517391304347826,"HMP"
"1035",0.769230769230769,0.521739130434783,"HMP"
"1036",0.769230769230769,0.526086956521739,"HMP"
"1037",0.769230769230769,0.530434782608696,"HMP"
"1038",0.769230769230769,0.534782608695652,"HMP"
"1039",0.769230769230769,0.539130434782609,"HMP"
"1040",0.769230769230769,0.543478260869565,"HMP"
"1041",0.769230769230769,0.547826086956522,"HMP"
"1042",0.769230769230769,0.552173913043478,"HMP"
"1043",0.769230769230769,0.556521739130435,"HMP"
"1044",0.769230769230769,0.560869565217391,"HMP"
"1045",0.769230769230769,0.565217391304348,"HMP"
"1046",0.769230769230769,0.569565217391304,"HMP"
"1047",0.769230769230769,0.573913043478261,"HMP"
"1048",0.769230769230769,0.578260869565217,"HMP"
"1049",0.730769230769231,0.578260869565217,"HMP"
"1050",0.730769230769231,0.582608695652174,"HMP"
"1051",0.730769230769231,0.58695652173913,"HMP"
"1052",0.730769230769231,0.591304347826087,"HMP"
"1053",0.692307692307692,0.591304347826087,"HMP"
"1054",0.692307692307692,0.595652173913043,"HMP"
"1055",0.692307692307692,0.6,"HMP"
"1056",0.692307692307692,0.604347826086956,"HMP"
"1057",0.692307692307692,0.608695652173913,"HMP"
"1058",0.692307692307692,0.61304347826087,"HMP"
"1059",0.653846153846154,0.61304347826087,"HMP"
"1060",0.653846153846154,0.617391304347826,"HMP"
"1061",0.653846153846154,0.621739130434783,"HMP"
"1062",0.653846153846154,0.626086956521739,"HMP"
"1063",0.653846153846154,0.630434782608696,"HMP"
"1064",0.653846153846154,0.634782608695652,"HMP"
"1065",0.653846153846154,0.639130434782609,"HMP"
"1066",0.653846153846154,0.643478260869565,"HMP"
"1067",0.653846153846154,0.647826086956522,"HMP"
"1068",0.615384615384615,0.647826086956522,"HMP"
"1069",0.615384615384615,0.652173913043478,"HMP"
"1070",0.615384615384615,0.656521739130435,"HMP"
"1071",0.615384615384615,0.660869565217391,"HMP"
"1072",0.615384615384615,0.665217391304348,"HMP"
"1073",0.615384615384615,0.669565217391304,"HMP"
"1074",0.615384615384615,0.673913043478261,"HMP"
"1075",0.615384615384615,0.678260869565217,"HMP"
"1076",0.615384615384615,0.682608695652174,"HMP"
"1077",0.615384615384615,0.68695652173913,"HMP"
"1078",0.615384615384615,0.691304347826087,"HMP"
"1079",0.615384615384615,0.695652173913043,"HMP"
"1080",0.615384615384615,0.7,"HMP"
"1081",0.615384615384615,0.704347826086957,"HMP"
"1082",0.615384615384615,0.708695652173913,"HMP"
"1083",0.615384615384615,0.71304347826087,"HMP"
"1084",0.615384615384615,0.721739130434783,"HMP"
"1085",0.615384615384615,0.726086956521739,"HMP"
"1086",0.615384615384615,0.730434782608696,"HMP"
"1087",0.615384615384615,0.734782608695652,"HMP"
"1088",0.615384615384615,0.739130434782609,"HMP"
"1089",0.615384615384615,0.743478260869565,"HMP"
"1090",0.615384615384615,0.752173913043478,"HMP"
"1091",0.615384615384615,0.756521739130435,"HMP"
"1092",0.615384615384615,0.760869565217391,"HMP"
"1093",0.615384615384615,0.765217391304348,"HMP"
"1094",0.615384615384615,0.769565217391304,"HMP"
"1095",0.615384615384615,0.773913043478261,"HMP"
"1096",0.615384615384615,0.778260869565217,"HMP"
"1097",0.615384615384615,0.782608695652174,"HMP"
"1098",0.576923076923077,0.782608695652174,"HMP"
"1099",0.538461538461538,0.78695652173913,"HMP"
"1100",0.538461538461538,0.791304347826087,"HMP"
"1101",0.5,0.791304347826087,"HMP"
"1102",0.461538461538462,0.791304347826087,"HMP"
"1103",0.461538461538462,0.795652173913043,"HMP"
"1104",0.461538461538462,0.8,"HMP"
"1105",0.461538461538462,0.804347826086957,"HMP"
"1106",0.461538461538462,0.808695652173913,"HMP"
"1107",0.461538461538462,0.81304347826087,"HMP"
"1108",0.461538461538462,0.817391304347826,"HMP"
"1109",0.461538461538462,0.821739130434783,"HMP"
"1110",0.461538461538462,0.826086956521739,"HMP"
"1111",0.461538461538462,0.830434782608696,"HMP"
"1112",0.423076923076923,0.830434782608696,"HMP"
"1113",0.423076923076923,0.834782608695652,"HMP"
"1114",0.423076923076923,0.839130434782609,"HMP"
"1115",0.423076923076923,0.843478260869565,"HMP"
"1116",0.384615384615385,0.843478260869565,"HMP"
"1117",0.384615384615385,0.847826086956522,"HMP"
"1118",0.384615384615385,0.852173913043478,"HMP"
"1119",0.384615384615385,0.856521739130435,"HMP"
"1120",0.384615384615385,0.860869565217391,"HMP"
"1121",0.384615384615385,0.865217391304348,"HMP"
"1122",0.384615384615385,0.869565217391304,"HMP"
"1123",0.384615384615385,0.873913043478261,"HMP"
"1124",0.384615384615385,0.878260869565217,"HMP"
"1125",0.384615384615385,0.882608695652174,"HMP"
"1126",0.346153846153846,0.882608695652174,"HMP"
"1127",0.307692307692308,0.882608695652174,"HMP"
"1128",0.307692307692308,0.88695652173913,"HMP"
"1129",0.307692307692308,0.891304347826087,"HMP"
"1130",0.307692307692308,0.895652173913044,"HMP"
"1131",0.307692307692308,0.9,"HMP"
"1132",0.307692307692308,0.904347826086957,"HMP"
"1133",0.307692307692308,0.908695652173913,"HMP"
"1134",0.307692307692308,0.91304347826087,"HMP"
"1135",0.307692307692308,0.917391304347826,"HMP"
"1136",0.307692307692308,0.921739130434783,"HMP"
"1137",0.307692307692308,0.926086956521739,"HMP"
"1138",0.307692307692308,0.930434782608696,"HMP"
"1139",0.307692307692308,0.934782608695652,"HMP"
"1140",0.307692307692308,0.939130434782609,"HMP"
"1141",0.307692307692308,0.943478260869565,"HMP"
"1142",0.307692307692308,0.947826086956522,"HMP"
"1143",0.307692307692308,0.952173913043478,"HMP"
"1144",0.307692307692308,0.956521739130435,"HMP"
"1145",0.269230769230769,0.956521739130435,"HMP"
"1146",0.269230769230769,0.960869565217391,"HMP"
"1147",0.230769230769231,0.960869565217391,"HMP"
"1148",0.192307692307692,0.960869565217391,"HMP"
"1149",0.153846153846154,0.960869565217391,"HMP"
"1150",0.115384615384615,0.960869565217391,"HMP"
"1151",0.115384615384615,0.965217391304348,"HMP"
"1152",0.115384615384615,0.969565217391304,"HMP"
"1153",0.0769230769230769,0.969565217391304,"HMP"
"1154",0.0769230769230769,0.973913043478261,"HMP"
"1155",0.0384615384615385,0.973913043478261,"HMP"
"1156",0,0.973913043478261,"HMP"
"1157",0,0.978260869565217,"HMP"
"1158",0,0.982608695652174,"HMP"
"1159",0,0.98695652173913,"HMP"
"1160",0,0.991304347826087,"HMP"
"1161",0,0.995652173913044,"HMP"
"1162",0,1,"HMP"
"1163",1,0,"Wu"
"1164",1,0.224137931034483,"Wu"
"1165",1,0.241379310344828,"Wu"
"1166",1,0.258620689655172,"Wu"
"1167",1,0.275862068965517,"Wu"
"1168",1,0.293103448275862,"Wu"
"1169",1,0.310344827586207,"Wu"
"1170",1,0.327586206896552,"Wu"
"1171",1,0.344827586206897,"Wu"
"1172",1,0.362068965517241,"Wu"
"1173",1,0.379310344827586,"Wu"
"1174",1,0.396551724137931,"Wu"
"1175",1,0.413793103448276,"Wu"
"1176",1,0.431034482758621,"Wu"
"1177",1,0.448275862068966,"Wu"
"1178",1,0.46551724137931,"Wu"
"1179",1,0.482758620689655,"Wu"
"1180",1,0.5,"Wu"
"1181",1,0.517241379310345,"Wu"
"1182",1,0.53448275862069,"Wu"
"1183",1,0.551724137931034,"Wu"
"1184",1,0.568965517241379,"Wu"
"1185",1,0.586206896551724,"Wu"
"1186",1,0.603448275862069,"Wu"
"1187",1,0.620689655172414,"Wu"
"1188",1,0.637931034482759,"Wu"
"1189",1,0.655172413793103,"Wu"
"1190",1,0.672413793103448,"Wu"
"1191",1,0.689655172413793,"Wu"
"1192",1,0.706896551724138,"Wu"
"1193",1,0.724137931034483,"Wu"
"1194",1,0.741379310344828,"Wu"
"1195",1,0.758620689655172,"Wu"
"1196",1,0.775862068965517,"Wu"
"1197",1,0.793103448275862,"Wu"
"1198",1,0.810344827586207,"Wu"
"1199",1,0.827586206896552,"Wu"
"1200",0.8,0.827586206896552,"Wu"
"1201",0.8,0.844827586206897,"Wu"
"1202",0.6,0.844827586206897,"Wu"
"1203",0.6,0.862068965517241,"Wu"
"1204",0.6,0.879310344827586,"Wu"
"1205",0.6,0.896551724137931,"Wu"
"1206",0.4,0.896551724137931,"Wu"
"1207",0.4,0.913793103448276,"Wu"
"1208",0.4,0.931034482758621,"Wu"
"1209",0.4,0.948275862068966,"Wu"
"1210",0.2,0.948275862068966,"Wu"
"1211",0.2,0.96551724137931,"Wu"
"1212",0,0.96551724137931,"Wu"
"1213",0,0.982758620689655,"Wu"
"1214",0,1,"Wu"
"1215",1,0,"Turnbaugh"
"1216",0.98989898989899,0,"Turnbaugh"
"1217",0.98989898989899,0.0212765957446809,"Turnbaugh"
"1218",0.98989898989899,0.0425531914893617,"Turnbaugh"
"1219",0.98989898989899,0.0638297872340425,"Turnbaugh"
"1220",0.97979797979798,0.0638297872340425,"Turnbaugh"
"1221",0.96969696969697,0.0638297872340425,"Turnbaugh"
"1222",0.95959595959596,0.0638297872340425,"Turnbaugh"
"1223",0.94949494949495,0.0638297872340425,"Turnbaugh"
"1224",0.94949494949495,0.0851063829787234,"Turnbaugh"
"1225",0.94949494949495,0.106382978723404,"Turnbaugh"
"1226",0.939393939393939,0.106382978723404,"Turnbaugh"
"1227",0.939393939393939,0.127659574468085,"Turnbaugh"
"1228",0.939393939393939,0.148936170212766,"Turnbaugh"
"1229",0.929292929292929,0.148936170212766,"Turnbaugh"
"1230",0.929292929292929,0.170212765957447,"Turnbaugh"
"1231",0.919191919191919,0.170212765957447,"Turnbaugh"
"1232",0.919191919191919,0.191489361702128,"Turnbaugh"
"1233",0.919191919191919,0.212765957446809,"Turnbaugh"
"1234",0.919191919191919,0.234042553191489,"Turnbaugh"
"1235",0.919191919191919,0.25531914893617,"Turnbaugh"
"1236",0.919191919191919,0.276595744680851,"Turnbaugh"
"1237",0.909090909090909,0.276595744680851,"Turnbaugh"
"1238",0.909090909090909,0.297872340425532,"Turnbaugh"
"1239",0.909090909090909,0.319148936170213,"Turnbaugh"
"1240",0.898989898989899,0.319148936170213,"Turnbaugh"
"1241",0.888888888888889,0.319148936170213,"Turnbaugh"
"1242",0.878787878787879,0.319148936170213,"Turnbaugh"
"1243",0.868686868686869,0.319148936170213,"Turnbaugh"
"1244",0.868686868686869,0.340425531914894,"Turnbaugh"
"1245",0.868686868686869,0.361702127659574,"Turnbaugh"
"1246",0.858585858585859,0.361702127659574,"Turnbaugh"
"1247",0.848484848484849,0.361702127659574,"Turnbaugh"
"1248",0.838383838383838,0.361702127659574,"Turnbaugh"
"1249",0.838383838383838,0.382978723404255,"Turnbaugh"
"1250",0.828282828282828,0.382978723404255,"Turnbaugh"
"1251",0.828282828282828,0.404255319148936,"Turnbaugh"
"1252",0.828282828282828,0.425531914893617,"Turnbaugh"
"1253",0.818181818181818,0.425531914893617,"Turnbaugh"
"1254",0.818181818181818,0.446808510638298,"Turnbaugh"
"1255",0.808080808080808,0.446808510638298,"Turnbaugh"
"1256",0.808080808080808,0.468085106382979,"Turnbaugh"
"1257",0.808080808080808,0.48936170212766,"Turnbaugh"
"1258",0.808080808080808,0.51063829787234,"Turnbaugh"
"1259",0.797979797979798,0.51063829787234,"Turnbaugh"
"1260",0.797979797979798,0.531914893617021,"Turnbaugh"
"1261",0.787878787878788,0.531914893617021,"Turnbaugh"
"1262",0.777777777777778,0.531914893617021,"Turnbaugh"
"1263",0.767676767676768,0.531914893617021,"Turnbaugh"
"1264",0.757575757575758,0.531914893617021,"Turnbaugh"
"1265",0.757575757575758,0.553191489361702,"Turnbaugh"
"1266",0.757575757575758,0.574468085106383,"Turnbaugh"
"1267",0.757575757575758,0.595744680851064,"Turnbaugh"
"1268",0.747474747474748,0.595744680851064,"Turnbaugh"
"1269",0.737373737373737,0.595744680851064,"Turnbaugh"
"1270",0.737373737373737,0.617021276595745,"Turnbaugh"
"1271",0.727272727272727,0.617021276595745,"Turnbaugh"
"1272",0.717171717171717,0.617021276595745,"Turnbaugh"
"1273",0.707070707070707,0.617021276595745,"Turnbaugh"
"1274",0.707070707070707,0.638297872340426,"Turnbaugh"
"1275",0.707070707070707,0.659574468085106,"Turnbaugh"
"1276",0.696969696969697,0.659574468085106,"Turnbaugh"
"1277",0.686868686868687,0.659574468085106,"Turnbaugh"
"1278",0.676767676767677,0.659574468085106,"Turnbaugh"
"1279",0.666666666666667,0.659574468085106,"Turnbaugh"
"1280",0.656565656565657,0.659574468085106,"Turnbaugh"
"1281",0.656565656565657,0.680851063829787,"Turnbaugh"
"1282",0.646464646464647,0.680851063829787,"Turnbaugh"
"1283",0.636363636363636,0.680851063829787,"Turnbaugh"
"1284",0.626262626262626,0.680851063829787,"Turnbaugh"
"1285",0.616161616161616,0.680851063829787,"Turnbaugh"
"1286",0.606060606060606,0.680851063829787,"Turnbaugh"
"1287",0.606060606060606,0.702127659574468,"Turnbaugh"
"1288",0.595959595959596,0.702127659574468,"Turnbaugh"
"1289",0.585858585858586,0.702127659574468,"Turnbaugh"
"1290",0.575757575757576,0.702127659574468,"Turnbaugh"
"1291",0.565656565656566,0.702127659574468,"Turnbaugh"
"1292",0.565656565656566,0.723404255319149,"Turnbaugh"
"1293",0.555555555555556,0.723404255319149,"Turnbaugh"
"1294",0.545454545454545,0.723404255319149,"Turnbaugh"
"1295",0.545454545454545,0.74468085106383,"Turnbaugh"
"1296",0.545454545454545,0.765957446808511,"Turnbaugh"
"1297",0.535353535353535,0.765957446808511,"Turnbaugh"
"1298",0.525252525252525,0.765957446808511,"Turnbaugh"
"1299",0.515151515151515,0.765957446808511,"Turnbaugh"
"1300",0.505050505050505,0.765957446808511,"Turnbaugh"
"1301",0.494949494949495,0.765957446808511,"Turnbaugh"
"1302",0.484848484848485,0.765957446808511,"Turnbaugh"
"1303",0.474747474747475,0.765957446808511,"Turnbaugh"
"1304",0.464646464646465,0.765957446808511,"Turnbaugh"
"1305",0.454545454545455,0.765957446808511,"Turnbaugh"
"1306",0.454545454545455,0.787234042553192,"Turnbaugh"
"1307",0.454545454545455,0.808510638297872,"Turnbaugh"
"1308",0.444444444444444,0.808510638297872,"Turnbaugh"
"1309",0.444444444444444,0.829787234042553,"Turnbaugh"
"1310",0.444444444444444,0.851063829787234,"Turnbaugh"
"1311",0.434343434343434,0.851063829787234,"Turnbaugh"
"1312",0.424242424242424,0.851063829787234,"Turnbaugh"
"1313",0.414141414141414,0.851063829787234,"Turnbaugh"
"1314",0.414141414141414,0.872340425531915,"Turnbaugh"
"1315",0.404040404040404,0.872340425531915,"Turnbaugh"
"1316",0.393939393939394,0.872340425531915,"Turnbaugh"
"1317",0.383838383838384,0.872340425531915,"Turnbaugh"
"1318",0.373737373737374,0.872340425531915,"Turnbaugh"
"1319",0.363636363636364,0.872340425531915,"Turnbaugh"
"1320",0.363636363636364,0.893617021276596,"Turnbaugh"
"1321",0.353535353535354,0.893617021276596,"Turnbaugh"
"1322",0.343434343434343,0.893617021276596,"Turnbaugh"
"1323",0.343434343434343,0.914893617021277,"Turnbaugh"
"1324",0.333333333333333,0.914893617021277,"Turnbaugh"
"1325",0.323232323232323,0.914893617021277,"Turnbaugh"
"1326",0.313131313131313,0.914893617021277,"Turnbaugh"
"1327",0.303030303030303,0.914893617021277,"Turnbaugh"
"1328",0.292929292929293,0.914893617021277,"Turnbaugh"
"1329",0.282828282828283,0.914893617021277,"Turnbaugh"
"1330",0.272727272727273,0.914893617021277,"Turnbaugh"
"1331",0.262626262626263,0.914893617021277,"Turnbaugh"
"1332",0.252525252525253,0.914893617021277,"Turnbaugh"
"1333",0.252525252525253,0.936170212765957,"Turnbaugh"
"1334",0.252525252525253,0.957446808510638,"Turnbaugh"
"1335",0.242424242424242,0.957446808510638,"Turnbaugh"
"1336",0.232323232323232,0.957446808510638,"Turnbaugh"
"1337",0.222222222222222,0.957446808510638,"Turnbaugh"
"1338",0.222222222222222,0.978723404255319,"Turnbaugh"
"1339",0.212121212121212,0.978723404255319,"Turnbaugh"
"1340",0.202020202020202,0.978723404255319,"Turnbaugh"
"1341",0.191919191919192,0.978723404255319,"Turnbaugh"
"1342",0.181818181818182,0.978723404255319,"Turnbaugh"
"1343",0.171717171717172,0.978723404255319,"Turnbaugh"
"1344",0.161616161616162,0.978723404255319,"Turnbaugh"
"1345",0.151515151515152,0.978723404255319,"Turnbaugh"
"1346",0.141414141414141,0.978723404255319,"Turnbaugh"
"1347",0.131313131313131,0.978723404255319,"Turnbaugh"
"1348",0.121212121212121,0.978723404255319,"Turnbaugh"
"1349",0.111111111111111,0.978723404255319,"Turnbaugh"
"1350",0.101010101010101,0.978723404255319,"Turnbaugh"
"1351",0.0909090909090909,0.978723404255319,"Turnbaugh"
"1352",0.0808080808080808,0.978723404255319,"Turnbaugh"
"1353",0.0707070707070707,0.978723404255319,"Turnbaugh"
"1354",0.0707070707070707,1,"Turnbaugh"
"1355",0.0606060606060606,1,"Turnbaugh"
"1356",0.0505050505050505,1,"Turnbaugh"
"1357",0.0404040404040404,1,"Turnbaugh"
"1358",0.0303030303030303,1,"Turnbaugh"
"1359",0.0202020202020202,1,"Turnbaugh"
"1360",0.0101010101010101,1,"Turnbaugh"
"1361",0,1,"Turnbaugh"
